1,Douglas [D S] (777),Eleanor (254),Grade: A+ (100.0% - 1079)
2,Douglas [D S] (777),Mason Weaver [D S] (216),Grade: A+ (96.5% - 1041)
3,Charles XII (736),Eleanor (254),Grade: A+ (96.2% - 1038)
4,Douglas [ND S] (732),Eleanor (254),Grade: A+ (95.8% - 1034)
5,James Conrad (724),Eleanor (254),Grade: A (95.1% - 1026)
6,Douglas [D S] (777),Vladimir the Great (200),Grade: A (95.0% - 1025)
7,Douglas [D S] (777),Edward III (191),Grade: A (94.2% - 1016)
8,Douglas [D S] (777),Winfield Scott (182),Grade: A (93.3% - 1007)
9,Charles XII (736),Mason Weaver [D S] (216),Grade: A (92.7% - 1000)
10,Douglas [D S] (777),Toyotomi Hideyori (172),Grade: A (92.4% - 997)
11,Princess Kaguya (694),Eleanor (254),Grade: A (92.3% - 996)
12,Douglas [ND S] (732),Mason Weaver [D S] (216),Grade: A (92.3% - 996)
13,Douglas [D S] (777),Mason Weaver [ND S] (168),Grade: A (92.0% - 993)
14,Eleanor (690),Douglas [D S] (253),Grade: A (91.8% - 991)
15,Eleanor (690),Charles XII (250),Grade: A (91.6% - 988)
16,James Conrad (724),Mason Weaver [D S] (216),Grade: A (91.6% - 988)
17,Douglas [D S] (777),Gwanggaeto the Great (163),Grade: A (91.6% - 988)
18,Douglas [D S] (777),Li Shimin (161),Grade: A- (91.4% - 986)
19,Eleanor (690),James Conrad (247),Grade: A- (91.3% - 985)
20,Douglas [D S] (777),Elektra [ND] (160),Grade: A- (91.3% - 985)
21,Charles XII (736),Vladimir the Great (200),Grade: A- (91.2% - 984)
22,Douglas [ND S] (732),Vladimir the Great (200),Grade: A- (90.8% - 980)
23,Douglas [D S] (777),Edward the Black Prince (154),Grade: A- (90.7% - 979)
24,Charles XII (736),Edward III (191),Grade: A- (90.4% - 975)
25,James Conrad (724),Vladimir the Great (200),Grade: A- (90.1% - 972)
26,Douglas [ND S] (732),Edward III (191),Grade: A- (90.0% - 971)
27,Eleanor (690),Princess Kaguya (228),Grade: A- (89.5% - 966)
28,Charles XII (736),Winfield Scott (182),Grade: A- (89.5% - 966)
29,James Conrad (724),Edward III (191),Grade: A- (89.2% - 963)
30,Wallenstein (660),Eleanor (254),Grade: A- (89.2% - 962)
31,Douglas [ND S] (732),Winfield Scott (182),Grade: A- (89.2% - 962)
32,Tomyris (659),Eleanor (254),Grade: A- (89.1% - 961)
33,Simeon the Great [D] (658),Eleanor (254),Grade: A- (89.0% - 960)
34,Mason Weaver [D S] (656),Eleanor (254),Grade: A- (88.8% - 958)
35,Princess Kaguya (694),Mason Weaver [D S] (216),Grade: A- (88.8% - 958)
36,Mason Weaver [D S] (656),Douglas [D S] (253),Grade: A- (88.7% - 957)
37,Charles XII (736),Toyotomi Hideyori (172),Grade: A- (88.6% - 956)
38,Mason Weaver [D S] (656),Charles XII (250),Grade: A- (88.4% - 954)
39,Eleanor (690),Mason Weaver [D S] (216),Grade: A- (88.4% - 954)
40,James Conrad (724),Winfield Scott (182),Grade: A- (88.4% - 954)
41,Douglas [ND S] (732),Toyotomi Hideyori (172),Grade: A- (88.2% - 952)
42,Charles XII (736),Mason Weaver [ND S] (168),Grade: A- (88.2% - 952)
43,Mason Weaver [D S] (656),James Conrad (247),Grade: A- (88.1% - 951)
44,Edward III (647),Eleanor (254),Grade: A- (88.0% - 949)
45,Edward III (647),Douglas [D S] (253),Grade: A- (87.9% - 948)
46,Douglas [ND S] (732),Mason Weaver [ND S] (168),Grade: A- (87.9% - 948)
47,Charles XII (736),Gwanggaeto the Great (163),Grade: A- (87.8% - 947)
48,Eleanor (690),Douglas [ND S] (208),Grade: A- (87.7% - 946)
49,Edward III (647),Charles XII (250),Grade: A- (87.6% - 945)
50,Charles XII (736),Li Shimin (161),Grade: A- (87.6% - 945)
51,James Conrad (724),Toyotomi Hideyori (172),Grade: B+ (87.5% - 944)
52,Charles XII (736),Elektra [ND] (160),Grade: B+ (87.5% - 944)
53,Douglas [ND S] (732),Gwanggaeto the Great (163),Grade: B+ (87.4% - 943)
54,Edward III (647),James Conrad (247),Grade: B+ (87.3% - 942)
55,Princess Kaguya (694),Vladimir the Great (200),Grade: B+ (87.3% - 942)
56,Elektra [D] (639),Eleanor (254),Grade: B+ (87.2% - 941)
57,Douglas [ND S] (732),Li Shimin (161),Grade: B+ (87.2% - 941)
58,Elektra [D] (639),Douglas [D S] (253),Grade: B+ (87.1% - 940)
59,James Conrad (724),Mason Weaver [ND S] (168),Grade: B+ (87.1% - 940)
60,Douglas [ND S] (732),Elektra [ND] (160),Grade: B+ (87.1% - 940)
61,Eleanor (690),Vladimir the Great (200),Grade: B+ (86.9% - 938)
62,Charles XII (736),Edward the Black Prince (154),Grade: B+ (86.9% - 938)
63,Elektra [D] (639),Charles XII (250),Grade: B+ (86.8% - 937)
64,Eleanor (690),Alfred the Great (198),Grade: B+ (86.7% - 936)
65,James Conrad (724),Gwanggaeto the Great (163),Grade: B+ (86.7% - 935)
66,Elektra [D] (639),James Conrad (247),Grade: B+ (86.6% - 934)
67,Douglas [ND S] (732),Edward the Black Prince (154),Grade: B+ (86.6% - 934)
68,Princess Kaguya (694),Edward III (191),Grade: B+ (86.5% - 933)
69,James Conrad (724),Li Shimin (161),Grade: B+ (86.5% - 933)
70,Mason Weaver [D S] (656),Princess Kaguya (228),Grade: B+ (86.4% - 932)
71,Eleanor (690),Tomyris (194),Grade: B+ (86.4% - 932)
72,James Conrad (724),Elektra [ND] (160),Grade: B+ (86.4% - 932)
73,Eleanor (690),Edward III (191),Grade: B+ (86.1% - 929)
74,Eleanor (690),Simeon the Great [ND] (190),Grade: B+ (86.0% - 928)
75,Toyotomi Hideyori (624),Eleanor (254),Grade: B+ (85.8% - 926)
76,James Conrad (724),Edward the Black Prince (154),Grade: B+ (85.8% - 926)
77,Toyotomi Hideyori (624),Douglas [D S] (253),Grade: B+ (85.7% - 925)
78,Thutmose III (622),Eleanor (254),Grade: B+ (85.6% - 924)
79,Wallenstein (660),Mason Weaver [D S] (216),Grade: B+ (85.6% - 924)
80,Princess Kaguya (694),Winfield Scott (182),Grade: B+ (85.6% - 924)
81,Alfred the Great (621),Eleanor (254),Grade: B+ (85.5% - 923)
82,Edward III (647),Princess Kaguya (228),Grade: B+ (85.5% - 923)
83,Tomyris (659),Mason Weaver [D S] (216),Grade: B+ (85.5% - 923)
84,Toyotomi Hideyori (624),Charles XII (250),Grade: B+ (85.4% - 922)
85,Simeon the Great [D] (658),Mason Weaver [D S] (216),Grade: B+ (85.4% - 922)
86,Eleanor (690),Winfield Scott (182),Grade: B+ (85.3% - 920)
87,Toyotomi Hideyori (624),James Conrad (247),Grade: B+ (85.2% - 919)
88,Elektra [D] (639),Princess Kaguya (228),Grade: B+ (84.8% - 915)
89,Eleanor (690),Wallenstein (177),Grade: B+ (84.8% - 915)
90,Princess Kaguya (694),Toyotomi Hideyori (172),Grade: B+ (84.7% - 914)
91,Eleanor (690),Mehmed II (175),Grade: B+ (84.6% - 913)
92,Mason Weaver [D S] (656),Douglas [ND S] (208),Grade: B+ (84.5% - 912)
93,Mason Weaver [ND S] (608),Eleanor (254),Grade: B+ (84.3% - 910)
94,Eleanor (690),Toyotomi Hideyori (172),Grade: B+ (84.3% - 910)
95,Princess Kaguya (694),Mason Weaver [ND S] (168),Grade: B+ (84.3% - 910)
96,Mason Weaver [ND S] (608),Douglas [D S] (253),Grade: B+ (84.2% - 909)
97,Wallenstein (660),Vladimir the Great (200),Grade: B+ (84.2% - 908)
98,Tomyris (659),Vladimir the Great (200),Grade: B+ (84.1% - 907)
99,Mason Weaver [ND S] (608),Charles XII (250),Grade: B+ (84.0% - 906)
100,Simeon the Great [D] (658),Vladimir the Great (200),Grade: B+ (84.0% - 906)
101,Eleanor (690),Mason Weaver [ND S] (168),Grade: B+ (84.0% - 906)
102,Princess Kaguya (694),Gwanggaeto the Great (163),Grade: B+ (83.9% - 905)
103,Mason Weaver [D S] (656),Vladimir the Great (200),Grade: B+ (83.8% - 904)
104,Mason Weaver [ND S] (608),James Conrad (247),Grade: B+ (83.7% - 903)
105,Elektra [D] (639),Mason Weaver [D S] (216),Grade: B+ (83.7% - 903)
106,Edward III (647),Douglas [ND S] (208),Grade: B+ (83.7% - 903)
107,Eleanor (690),Thutmose III (165),Grade: B+ (83.7% - 903)
108,Princess Kaguya (694),Li Shimin (161),Grade: B+ (83.7% - 903)
109,Simeon the Great [ND] (600),Eleanor (254),Grade: B+ (83.6% - 902)
110,Mason Weaver [D S] (656),Alfred the Great (198),Grade: B+ (83.6% - 902)
111,Princess Kaguya (694),Elektra [ND] (160),Grade: B+ (83.6% - 902)
112,Eleanor (690),Gwanggaeto the Great (163),Grade: B+ (83.5% - 901)
113,Toyotomi Hideyori (624),Princess Kaguya (228),Grade: B (83.4% - 900)
114,Wallenstein (660),Edward III (191),Grade: B (83.3% - 899)
115,Eleanor (690),Gnarr (161),Grade: B (83.3% - 899)
116,Eleanor (690),Li Shimin (161),Grade: B (83.3% - 899)
117,Mason Weaver [D S] (656),Tomyris (194),Grade: B (83.2% - 898)
118,Tomyris (659),Edward III (191),Grade: B (83.2% - 898)
119,Eleanor (690),Elektra [ND] (160),Grade: B (83.2% - 898)
120,Simeon the Great [D] (658),Edward III (191),Grade: B (83.1% - 897)
121,Princess Kaguya (694),Edward the Black Prince (154),Grade: B (83.0% - 896)
122,Elektra [D] (639),Douglas [ND S] (208),Grade: B (82.9% - 895)
123,Edward III (647),Vladimir the Great (200),Grade: B (82.9% - 895)
124,Mason Weaver [D S] (656),Simeon the Great [ND] (190),Grade: B (82.9% - 894)
125,Edward III (647),Alfred the Great (198),Grade: B (82.8% - 893)
126,Eleanor (690),Edward the Black Prince (154),Grade: B (82.7% - 892)
127,Wallenstein (660),Winfield Scott (182),Grade: B (82.5% - 890)
128,Edward III (647),Tomyris (194),Grade: B (82.4% - 889)
129,Tomyris (659),Winfield Scott (182),Grade: B (82.4% - 889)
130,Simeon the Great [D] (658),Winfield Scott (182),Grade: B (82.3% - 888)
131,Winfield Scott (585),Eleanor (254),Grade: B (82.2% - 887)
132,Winfield Scott (585),Douglas [D S] (253),Grade: B (82.1% - 886)
133,Thutmose III (622),Mason Weaver [D S] (216),Grade: B (82.1% - 886)
134,Mason Weaver [D S] (656),Winfield Scott (182),Grade: B (82.1% - 886)
135,Alfred the Great (621),Mason Weaver [D S] (216),Grade: B (82.0% - 885)
136,Elektra [D] (639),Alfred the Great (198),Grade: B (82.0% - 885)
137,Edward III (647),Simeon the Great [ND] (190),Grade: B (82.0% - 885)
138,Mason Weaver [ND S] (608),Princess Kaguya (228),Grade: B (81.9% - 884)
139,Winfield Scott (585),Charles XII (250),Grade: B (81.8% - 883)
140,Elektra [D] (639),Tomyris (194),Grade: B (81.6% - 881)
141,Mason Weaver [D S] (656),Wallenstein (177),Grade: B (81.6% - 881)
142,Winfield Scott (585),James Conrad (247),Grade: B (81.6% - 880)
143,Toyotomi Hideyori (624),Douglas [ND S] (208),Grade: B (81.6% - 880)
144,Wallenstein (660),Toyotomi Hideyori (172),Grade: B (81.6% - 880)
145,Mason Weaver [D S] (656),Mehmed II (175),Grade: B (81.5% - 879)
146,Tomyris (659),Toyotomi Hideyori (172),Grade: B (81.5% - 879)
147,Mehmed II (576),Eleanor (254),Grade: B (81.4% - 878)
148,Elektra [D] (639),Edward III (191),Grade: B (81.4% - 878)
149,Simeon the Great [D] (658),Toyotomi Hideyori (172),Grade: B (81.4% - 878)
150,Elektra [D] (639),Simeon the Great [ND] (190),Grade: B (81.3% - 877)
151,Edward III (647),Winfield Scott (182),Grade: B (81.3% - 877)
152,Wallenstein (660),Mason Weaver [ND S] (168),Grade: B (81.2% - 876)
153,Elektra [ND] (573),Eleanor (254),Grade: B (81.1% - 875)
154,Tomyris (659),Mason Weaver [ND S] (168),Grade: B (81.1% - 875)
155,Gnarr (572),Eleanor (254),Grade: B (81.0% - 874)
156,Elektra [ND] (573),Douglas [D S] (253),Grade: B (81.0% - 874)
157,Simeon the Great [D] (658),Mason Weaver [ND S] (168),Grade: B (81.0% - 874)
158,Minamoto no Yoshitsune [D] (570),Eleanor (254),Grade: B (80.8% - 872)
159,Toyotomi Hideyori (624),Vladimir the Great (200),Grade: B (80.8% - 872)
160,Edward III (647),Wallenstein (177),Grade: B (80.8% - 872)
161,Minamoto no Yoshitsune [D] (570),Douglas [D S] (253),Grade: B (80.7% - 871)
162,Elektra [ND] (573),Charles XII (250),Grade: B (80.7% - 871)
163,Wallenstein (660),Gwanggaeto the Great (163),Grade: B (80.7% - 871)
164,Thutmose III (622),Vladimir the Great (200),Grade: B (80.6% - 870)
165,Toyotomi Hideyori (624),Alfred the Great (198),Grade: B (80.6% - 870)
166,Edward III (647),Mehmed II (175),Grade: B (80.6% - 870)
167,Tomyris (659),Gwanggaeto the Great (163),Grade: B (80.6% - 870)
168,Alfred the Great (621),Vladimir the Great (200),Grade: B (80.5% - 869)
169,Mason Weaver [D S] (656),Thutmose III (165),Grade: B (80.5% - 869)
170,Simeon the Great [D] (658),Gwanggaeto the Great (163),Grade: B (80.5% - 869)
171,Wallenstein (660),Li Shimin (161),Grade: B (80.5% - 869)
172,Elektra [ND] (573),James Conrad (247),Grade: B (80.4% - 868)
173,Tomyris (659),Li Shimin (161),Grade: B (80.4% - 868)
174,Wallenstein (660),Elektra [ND] (160),Grade: B (80.4% - 868)
175,Simeon the Great [D] (658),Li Shimin (161),Grade: B (80.4% - 867)
176,Tomyris (659),Elektra [ND] (160),Grade: B (80.4% - 867)
177,Toyotomi Hideyori (624),Tomyris (194),Grade: B (80.3% - 866)
178,Simeon the Great [D] (658),Elektra [ND] (160),Grade: B (80.3% - 866)
179,Mason Weaver [D S] (656),Gnarr (161),Grade: B (80.2% - 865)
180,Mason Weaver [D S] (656),Li Shimin (161),Grade: B (80.2% - 865)
181,Simeon the Great [ND] (600),Mason Weaver [D S] (216),Grade: B (80.1% - 864)
182,Mason Weaver [ND S] (608),Douglas [ND S] (208),Grade: B (80.1% - 864)
183,Elektra [D] (639),Wallenstein (177),Grade: B (80.1% - 864)
184,Mason Weaver [D S] (656),Elektra [ND] (160),Grade: B (80.1% - 864)
185,Vladimir the Great (561),Eleanor (254),Grade: B (80.0% - 863)
186,Vladimir the Great (561),Douglas [D S] (253),Grade: B (79.9% - 862)
187,Toyotomi Hideyori (624),Simeon the Great [ND] (190),Grade: B (79.9% - 862)
188,Elektra [D] (639),Mehmed II (175),Grade: B (79.9% - 862)
189,Wallenstein (660),Edward the Black Prince (154),Grade: B (79.9% - 862)
190,Winfield Scott (585),Princess Kaguya (228),Grade: B (79.8% - 861)
191,Thutmose III (622),Edward III (191),Grade: B (79.8% - 861)
192,Tomyris (659),Edward the Black Prince (154),Grade: B (79.8% - 861)
193,Minamoto no Yoshitsune [D] (570),Charles XII (250),Grade: B (79.7% - 860)
194,Alfred the Great (621),Edward III (191),Grade: B (79.7% - 860)
195,Edward III (647),Thutmose III (165),Grade: B (79.7% - 860)
196,Simeon the Great [D] (658),Edward the Black Prince (154),Grade: B (79.7% - 860)
197,Vladimir the Great (561),Charles XII (250),Grade: B (79.6% - 859)
198,Elektra [D] (639),Toyotomi Hideyori (172),Grade: B (79.6% - 859)
199,Mason Weaver [D S] (656),Edward the Black Prince (154),Grade: B (79.5% - 858)
200,Minamoto no Yoshitsune [D] (570),James Conrad (247),Grade: B- (79.4% - 857)
201,Vladimir the Great (561),James Conrad (247),Grade: B- (79.3% - 856)
202,Mason Weaver [ND S] (608),Vladimir the Great (200),Grade: B- (79.3% - 856)
203,Edward III (647),Gnarr (161),Grade: B- (79.3% - 856)
204,Edward III (647),Li Shimin (161),Grade: B- (79.3% - 856)
205,Elektra [D] (639),Mason Weaver [ND S] (168),Grade: B- (79.2% - 855)
206,Edward III (647),Elektra [ND] (160),Grade: B- (79.2% - 855)
207,Mason Weaver [ND S] (608),Alfred the Great (198),Grade: B- (79.1% - 854)
208,Toyotomi Hideyori (624),Winfield Scott (182),Grade: B- (79.1% - 854)
209,Thutmose III (622),Winfield Scott (182),Grade: B- (79.0% - 852)
210,Elektra [D] (639),Thutmose III (165),Grade: B- (79.0% - 852)
211,Alfred the Great (621),Winfield Scott (182),Grade: B- (78.9% - 851)
212,Henry V (556),Eleanor (254),Grade: B- (78.8% - 850)
213,Matthias I (548),Eleanor (254),Grade: B- (78.8% - 850)
214,Mason Weaver [ND S] (608),Tomyris (194),Grade: B- (78.8% - 850)
215,Elektra [D] (639),Gwanggaeto the Great (163),Grade: B- (78.8% - 850)
216,Li Shimin (547),Eleanor (254),Grade: B- (78.7% - 849)
217,Henry V (556),Douglas [D S] (253),Grade: B- (78.7% - 849)
218,Matthias I (548),Douglas [D S] (253),Grade: B- (78.7% - 849)
219,Elektra [ND] (573),Princess Kaguya (228),Grade: B- (78.7% - 849)
220,Winfield Scott (585),Mason Weaver [D S] (216),Grade: B- (78.7% - 849)
221,Toyotomi Hideyori (624),Wallenstein (177),Grade: B- (78.7% - 849)
222,Edward III (647),Edward the Black Prince (154),Grade: B- (78.7% - 849)
223,Li Shimin (547),Douglas [D S] (253),Grade: B- (78.6% - 848)
224,Simeon the Great [ND] (600),Vladimir the Great (200),Grade: B- (78.6% - 848)
225,Elektra [D] (639),Gnarr (161),Grade: B- (78.6% - 848)
226,Toyotomi Hideyori (624),Mehmed II (175),Grade: B- (78.5% - 847)
227,Henry V (556),Charles XII (250),Grade: B- (78.4% - 846)
228,Matthias I (548),Charles XII (250),Grade: B- (78.4% - 846)
229,Mason Weaver [ND S] (608),Simeon the Great [ND] (190),Grade: B- (78.4% - 846)
230,Edward the Black Prince (551),Eleanor (254),Grade: B- (78.3% - 845)
231,Harold III (543),Eleanor (254),Grade: B- (78.3% - 845)
232,Elizabeth I (542),Eleanor (254),Grade: B- (78.2% - 844)
233,Edward the Black Prince (551),Douglas [D S] (253),Grade: B- (78.2% - 844)
234,Harold III (543),Douglas [D S] (253),Grade: B- (78.2% - 844)
235,Elizabeth I (542),Douglas [D S] (253),Grade: B- (78.1% - 843)
236,Henry V (556),James Conrad (247),Grade: B- (78.1% - 843)
237,Matthias I (548),James Conrad (247),Grade: B- (78.1% - 843)
238,Thutmose III (622),Toyotomi Hideyori (172),Grade: B- (78.0% - 842)
239,Edward the Black Prince (551),Charles XII (250),Grade: B- (77.9% - 841)
240,Winfield Scott (585),Douglas [ND S] (208),Grade: B- (77.9% - 841)
241,Alfred the Great (621),Toyotomi Hideyori (172),Grade: B- (77.9% - 841)
242,Elizabeth I (542),Charles XII (250),Grade: B- (77.8% - 840)
243,Mehmed II (576),Mason Weaver [D S] (216),Grade: B- (77.8% - 840)
244,Simeon the Great [ND] (600),Edward III (191),Grade: B- (77.8% - 839)
245,Edward the Black Prince (551),James Conrad (247),Grade: B- (77.7% - 838)
246,Minamoto no Yoshitsune [D] (570),Princess Kaguya (228),Grade: B- (77.7% - 838)
247,Mason Weaver [ND S] (608),Winfield Scott (182),Grade: B- (77.7% - 838)
248,Thutmose III (622),Mason Weaver [ND S] (168),Grade: B- (77.7% - 838)
249,Li Shimin (547),Charles XII (250),Grade: B- (77.6% - 837)
250,Elizabeth I (542),James Conrad (247),Grade: B- (77.6% - 837)
251,Vladimir the Great (561),Princess Kaguya (228),Grade: B- (77.6% - 837)
252,Elektra [ND] (573),Mason Weaver [D S] (216),Grade: B- (77.6% - 837)
253,Alfred the Great (621),Mason Weaver [ND S] (168),Grade: B- (77.6% - 837)
254,Toyotomi Hideyori (624),Thutmose III (165),Grade: B- (77.6% - 837)
255,Gnarr (572),Mason Weaver [D S] (216),Grade: B- (77.5% - 836)
256,Gwanggaeto the Great (532),Eleanor (254),Grade: B- (77.3% - 834)
257,Li Shimin (547),James Conrad (247),Grade: B- (77.3% - 834)
258,Gwanggaeto the Great (532),Douglas [D S] (253),Grade: B- (77.2% - 833)
259,Harold III (543),Charles XII (250),Grade: B- (77.2% - 833)
260,Mason Weaver [ND S] (608),Wallenstein (177),Grade: B- (77.2% - 833)
261,Thutmose III (622),Gwanggaeto the Great (163),Grade: B- (77.2% - 833)
262,Toyotomi Hideyori (624),Gnarr (161),Grade: B- (77.2% - 833)
263,Toyotomi Hideyori (624),Li Shimin (161),Grade: B- (77.2% - 833)
264,Alfred the Great (621),Gwanggaeto the Great (163),Grade: B- (77.1% - 832)
265,Toyotomi Hideyori (624),Elektra [ND] (160),Grade: B- (77.1% - 832)
266,Winfield Scott (585),Alfred the Great (198),Grade: B- (77.0% - 831)
267,Mason Weaver [ND S] (608),Mehmed II (175),Grade: B- (77.0% - 831)
268,Thutmose III (622),Li Shimin (161),Grade: B- (77.0% - 831)
269,Wei Qing (528),Eleanor (254),Grade: B- (76.9% - 830)
270,Gwanggaeto the Great (532),Charles XII (250),Grade: B- (76.9% - 830)
271,Harold III (543),James Conrad (247),Grade: B- (76.9% - 830)
272,Simeon the Great [ND] (600),Winfield Scott (182),Grade: B- (76.9% - 830)
273,Alfred the Great (621),Li Shimin (161),Grade: B- (76.9% - 830)
274,Thutmose III (622),Elektra [ND] (160),Grade: B- (76.9% - 830)
275,Wei Qing (528),Douglas [D S] (253),Grade: B- (76.8% - 829)
276,Elektra [ND] (573),Douglas [ND S] (208),Grade: B- (76.8% - 829)
277,Alfred the Great (621),Elektra [ND] (160),Grade: B- (76.8% - 829)
278,Gwanggaeto the Great (532),James Conrad (247),Grade: B- (76.6% - 827)
279,Winfield Scott (585),Tomyris (194),Grade: B- (76.6% - 827)
280,Wei Qing (528),Charles XII (250),Grade: B- (76.6% - 826)
281,Minamoto no Yoshitsune [D] (570),Mason Weaver [D S] (216),Grade: B- (76.6% - 826)
282,Minamoto no Yoshitsune [D] (570),Douglas [ND S] (208),Grade: B- (76.6% - 826)
283,Toyotomi Hideyori (624),Edward the Black Prince (154),Grade: B- (76.6% - 826)
284,Vladimir the Great (561),Mason Weaver [D S] (216),Grade: B- (76.5% - 825)
285,Henry V (556),Princess Kaguya (228),Grade: B- (76.4% - 824)
286,Matthias I (548),Princess Kaguya (228),Grade: B- (76.4% - 824)
287,Mehmed II (576),Vladimir the Great (200),Grade: B- (76.4% - 824)
288,Winfield Scott (585),Edward III (191),Grade: B- (76.4% - 824)
289,Thutmose III (622),Edward the Black Prince (154),Grade: B- (76.4% - 824)
290,Wei Qing (528),James Conrad (247),Grade: B- (76.3% - 823)
291,Winfield Scott (585),Simeon the Great [ND] (190),Grade: B- (76.3% - 823)
292,Alfred the Great (621),Edward the Black Prince (154),Grade: B- (76.3% - 823)
293,Mason Weaver [ND S] (608),Thutmose III (165),Grade: B- (76.1% - 821)
294,Gnarr (572),Vladimir the Great (200),Grade: B- (76.0% - 820)
295,Simeon the Great [ND] (600),Toyotomi Hideyori (172),Grade: B- (76.0% - 820)
296,Edward the Black Prince (551),Princess Kaguya (228),Grade: B- (75.9% - 819)
297,Elektra [ND] (573),Alfred the Great (198),Grade: B- (75.9% - 819)
298,Elizabeth I (542),Princess Kaguya (228),Grade: B- (75.8% - 818)
299,Vladimir the Great (561),Douglas [ND S] (208),Grade: B- (75.7% - 817)
300,Mason Weaver [ND S] (608),Gnarr (161),Grade: B- (75.7% - 817)
301,Mason Weaver [ND S] (608),Li Shimin (161),Grade: B- (75.7% - 817)
302,Simeon the Great [ND] (600),Mason Weaver [ND S] (168),Grade: B- (75.6% - 816)
303,Mason Weaver [ND S] (608),Elektra [ND] (160),Grade: B- (75.6% - 816)
304,Li Shimin (547),Princess Kaguya (228),Grade: B- (75.5% - 815)
305,Elektra [ND] (573),Tomyris (194),Grade: B- (75.5% - 815)
306,Mehmed II (576),Edward III (191),Grade: B- (75.5% - 815)
307,Henry V (556),Mason Weaver [D S] (216),Grade: C+ (75.3% - 812)
308,Matthias I (548),Mason Weaver [D S] (216),Grade: C+ (75.3% - 812)
309,Elektra [ND] (573),Edward III (191),Grade: C+ (75.3% - 812)
310,Harold III (543),Princess Kaguya (228),Grade: C+ (75.2% - 811)
311,Gnarr (572),Edward III (191),Grade: C+ (75.2% - 811)
312,Elektra [ND] (573),Simeon the Great [ND] (190),Grade: C+ (75.2% - 811)
313,Simeon the Great [ND] (600),Gwanggaeto the Great (163),Grade: C+ (75.2% - 811)
314,Winfield Scott (585),Wallenstein (177),Grade: C+ (75.1% - 810)
315,Mason Weaver [ND S] (608),Edward the Black Prince (154),Grade: C+ (75.1% - 810)
316,Simeon the Great [ND] (600),Li Shimin (161),Grade: C+ (75.0% - 809)
317,Gwanggaeto the Great (532),Princess Kaguya (228),Grade: C+ (74.9% - 808)
318,Minamoto no Yoshitsune [D] (570),Alfred the Great (198),Grade: C+ (74.9% - 808)
319,Winfield Scott (585),Mehmed II (175),Grade: C+ (74.9% - 808)
320,Simeon the Great [ND] (600),Elektra [ND] (160),Grade: C+ (74.9% - 808)
321,Edward the Black Prince (551),Mason Weaver [D S] (216),Grade: C+ (74.8% - 807)
322,Vladimir the Great (561),Alfred the Great (198),Grade: C+ (74.8% - 807)
323,Mehmed II (576),Winfield Scott (182),Grade: C+ (74.7% - 806)
324,Winfield Scott (585),Toyotomi Hideyori (172),Grade: C+ (74.6% - 805)
325,Wei Qing (528),Princess Kaguya (228),Grade: C+ (74.5% - 804)
326,Henry V (556),Douglas [ND S] (208),Grade: C+ (74.5% - 804)
327,Matthias I (548),Douglas [ND S] (208),Grade: C+ (74.5% - 804)
328,Minamoto no Yoshitsune [D] (570),Tomyris (194),Grade: C+ (74.5% - 804)
329,Li Shimin (547),Mason Weaver [D S] (216),Grade: C+ (74.4% - 803)
330,Li Shimin (547),Douglas [ND S] (208),Grade: C+ (74.4% - 803)
331,Vladimir the Great (561),Tomyris (194),Grade: C+ (74.4% - 803)
332,Gnarr (572),Winfield Scott (182),Grade: C+ (74.3% - 802)
333,Simeon the Great [ND] (600),Edward the Black Prince (154),Grade: C+ (74.3% - 802)
334,Minamoto no Yoshitsune [D] (570),Edward III (191),Grade: C+ (74.2% - 801)
335,Winfield Scott (585),Mason Weaver [ND S] (168),Grade: C+ (74.2% - 801)
336,Vladimir the Great (561),Edward III (191),Grade: C+ (74.1% - 800)
337,Minamoto no Yoshitsune [D] (570),Simeon the Great [ND] (190),Grade: C+ (74.1% - 800)
338,Harold III (543),Mason Weaver [D S] (216),Grade: C+ (74.1% - 799)
339,Edward the Black Prince (551),Douglas [ND S] (208),Grade: C+ (74.1% - 799)
340,Harold III (543),Douglas [ND S] (208),Grade: C+ (74.1% - 799)
341,Vladimir the Great (561),Simeon the Great [ND] (190),Grade: C+ (74.1% - 799)
342,Elizabeth I (542),Douglas [ND S] (208),Grade: C+ (74.0% - 798)
343,Elektra [ND] (573),Wallenstein (177),Grade: C+ (74.0% - 798)
344,Winfield Scott (585),Thutmose III (165),Grade: C+ (74.0% - 798)
345,Matthias I (548),Vladimir the Great (200),Grade: C+ (73.8% - 796)
346,Elektra [ND] (573),Mehmed II (175),Grade: C+ (73.8% - 796)
347,Mehmed II (576),Toyotomi Hideyori (172),Grade: C+ (73.8% - 796)
348,Winfield Scott (585),Gwanggaeto the Great (163),Grade: C+ (73.8% - 796)
349,Henry V (556),Alfred the Great (198),Grade: C+ (73.6% - 794)
350,Matthias I (548),Alfred the Great (198),Grade: C+ (73.6% - 794)
351,Winfield Scott (585),Gnarr (161),Grade: C+ (73.6% - 794)
352,Elektra [ND] (573),Toyotomi Hideyori (172),Grade: C+ (73.5% - 793)
353,Wei Qing (528),Mason Weaver [D S] (216),Grade: C+ (73.4% - 792)
354,Gnarr (572),Toyotomi Hideyori (172),Grade: C+ (73.4% - 792)
355,Mehmed II (576),Mason Weaver [ND S] (168),Grade: C+ (73.4% - 792)
356,Elizabeth I (542),Vladimir the Great (200),Grade: C+ (73.2% - 790)
357,Henry V (556),Tomyris (194),Grade: C+ (73.2% - 790)
358,Matthias I (548),Tomyris (194),Grade: C+ (73.2% - 790)
359,Edward the Black Prince (551),Alfred the Great (198),Grade: C+ (73.1% - 789)
360,Elektra [ND] (573),Mason Weaver [ND S] (168),Grade: C+ (73.1% - 789)
361,Gwanggaeto the Great (532),Douglas [ND S] (208),Grade: C+ (73.0% - 788)
362,Elizabeth I (542),Alfred the Great (198),Grade: C+ (73.0% - 788)
363,Gnarr (572),Mason Weaver [ND S] (168),Grade: C+ (73.0% - 788)
364,Henry V (556),Edward III (191),Grade: C+ (72.9% - 787)
365,Matthias I (548),Edward III (191),Grade: C+ (72.9% - 787)
366,Minamoto no Yoshitsune [D] (570),Wallenstein (177),Grade: C+ (72.9% - 787)
367,Mehmed II (576),Gwanggaeto the Great (163),Grade: C+ (72.9% - 787)
368,Henry V (556),Simeon the Great [ND] (190),Grade: C+ (72.8% - 786)
369,Vladimir the Great (561),Wallenstein (177),Grade: C+ (72.8% - 786)
370,Elektra [ND] (573),Thutmose III (165),Grade: C+ (72.8% - 786)
371,Li Shimin (547),Alfred the Great (198),Grade: C+ (72.8% - 785)
372,Edward the Black Prince (551),Tomyris (194),Grade: C+ (72.8% - 785)
373,Minamoto no Yoshitsune [D] (570),Mehmed II (175),Grade: C+ (72.8% - 785)
374,Mehmed II (576),Li Shimin (161),Grade: C+ (72.8% - 785)
375,Wei Qing (528),Douglas [ND S] (208),Grade: C+ (72.7% - 784)
376,Elizabeth I (542),Tomyris (194),Grade: C+ (72.7% - 784)
377,Vladimir the Great (561),Mehmed II (175),Grade: C+ (72.7% - 784)
378,Elektra [ND] (573),Gwanggaeto the Great (163),Grade: C+ (72.7% - 784)
379,Mehmed II (576),Elektra [ND] (160),Grade: C+ (72.7% - 784)
380,Gnarr (572),Gwanggaeto the Great (163),Grade: C+ (72.6% - 783)
381,Edward the Black Prince (551),Edward III (191),Grade: C+ (72.5% - 782)
382,Minamoto no Yoshitsune [D] (570),Toyotomi Hideyori (172),Grade: C+ (72.5% - 782)
383,Elektra [ND] (573),Gnarr (161),Grade: C+ (72.5% - 782)
384,Harold III (543),Alfred the Great (198),Grade: C+ (72.4% - 781)
385,Li Shimin (547),Tomyris (194),Grade: C+ (72.4% - 781)
386,Edward the Black Prince (551),Simeon the Great [ND] (190),Grade: C+ (72.4% - 781)
387,Vladimir the Great (561),Toyotomi Hideyori (172),Grade: C+ (72.4% - 781)
388,Gnarr (572),Li Shimin (161),Grade: C+ (72.4% - 781)
389,Gwanggaeto the Great (532),Vladimir the Great (200),Grade: C+ (72.3% - 780)
390,Elizabeth I (542),Simeon the Great [ND] (190),Grade: C+ (72.3% - 780)
391,Gnarr (572),Elektra [ND] (160),Grade: C+ (72.3% - 780)
392,Gwanggaeto the Great (532),Alfred the Great (198),Grade: C+ (72.1% - 778)
393,Li Shimin (547),Edward III (191),Grade: C+ (72.1% - 778)
394,Matthias I (548),Winfield Scott (182),Grade: C+ (72.1% - 778)
395,Minamoto no Yoshitsune [D] (570),Mason Weaver [ND S] (168),Grade: C+ (72.1% - 778)
396,Mehmed II (576),Edward the Black Prince (154),Grade: C+ (72.1% - 778)
397,Harold III (543),Tomyris (194),Grade: C+ (72.0% - 777)
398,Li Shimin (547),Simeon the Great [ND] (190),Grade: C+ (72.0% - 777)
399,Vladimir the Great (561),Mason Weaver [ND S] (168),Grade: C+ (72.0% - 777)
400,Wei Qing (528),Vladimir the Great (200),Grade: C+ (71.9% - 776)
401,Minamoto no Yoshitsune [D] (570),Thutmose III (165),Grade: C+ (71.8% - 775)
402,Wei Qing (528),Alfred the Great (198),Grade: C+ (71.7% - 774)
403,Gwanggaeto the Great (532),Tomyris (194),Grade: C+ (71.7% - 774)
404,Harold III (543),Edward III (191),Grade: C+ (71.7% - 774)
405,Vladimir the Great (561),Thutmose III (165),Grade: C+ (71.7% - 774)
406,Gnarr (572),Edward the Black Prince (154),Grade: C+ (71.7% - 774)
407,Harold III (543),Simeon the Great [ND] (190),Grade: C+ (71.6% - 773)
408,Henry V (556),Wallenstein (177),Grade: C+ (71.6% - 773)
409,Matthias I (548),Wallenstein (177),Grade: C+ (71.6% - 773)
410,Minamoto no Yoshitsune [D] (570),Gwanggaeto the Great (163),Grade: C+ (71.6% - 773)
411,Elizabeth I (542),Winfield Scott (182),Grade: C+ (71.5% - 772)
412,Vladimir the Great (561),Gwanggaeto the Great (163),Grade: C+ (71.5% - 772)
413,Henry V (556),Mehmed II (175),Grade: C (71.5% - 771)
414,Matthias I (548),Mehmed II (175),Grade: C (71.5% - 771)
415,Minamoto no Yoshitsune [D] (570),Gnarr (161),Grade: C (71.5% - 771)
416,Wei Qing (528),Tomyris (194),Grade: C (71.4% - 770)
417,Gwanggaeto the Great (532),Simeon the Great [ND] (190),Grade: C (71.4% - 770)
418,Vladimir the Great (561),Gnarr (161),Grade: C (71.4% - 770)
419,Edward the Black Prince (551),Wallenstein (177),Grade: C (71.2% - 768)
420,Henry V (556),Toyotomi Hideyori (172),Grade: C (71.2% - 768)
421,Matthias I (548),Toyotomi Hideyori (172),Grade: C (71.2% - 768)
422,Wei Qing (528),Edward III (191),Grade: C (71.1% - 767)
423,Elizabeth I (542),Wallenstein (177),Grade: C (71.1% - 767)
424,Wei Qing (528),Simeon the Great [ND] (190),Grade: C (71.0% - 766)
425,Edward the Black Prince (551),Mehmed II (175),Grade: C (71.0% - 766)
426,Elizabeth I (542),Mehmed II (175),Grade: C (70.9% - 765)
427,Li Shimin (547),Wallenstein (177),Grade: C (70.8% - 764)
428,Henry V (556),Mason Weaver [ND S] (168),Grade: C (70.8% - 764)
429,Matthias I (548),Mason Weaver [ND S] (168),Grade: C (70.8% - 764)
430,Edward the Black Prince (551),Toyotomi Hideyori (172),Grade: C (70.7% - 763)
431,Gwanggaeto the Great (532),Winfield Scott (182),Grade: C (70.6% - 762)
432,Li Shimin (547),Mehmed II (175),Grade: C (70.6% - 762)
433,Henry V (556),Thutmose III (165),Grade: C (70.5% - 761)
434,Matthias I (548),Thutmose III (165),Grade: C (70.5% - 761)
435,Harold III (543),Wallenstein (177),Grade: C (70.4% - 760)
436,Li Shimin (547),Toyotomi Hideyori (172),Grade: C (70.3% - 759)
437,Edward the Black Prince (551),Mason Weaver [ND S] (168),Grade: C (70.3% - 759)
438,Henry V (556),Gwanggaeto the Great (163),Grade: C (70.3% - 759)
439,Matthias I (548),Gwanggaeto the Great (163),Grade: C (70.3% - 759)
440,Wei Qing (528),Winfield Scott (182),Grade: C (70.3% - 758)
441,Harold III (543),Mehmed II (175),Grade: C (70.3% - 758)
442,Gwanggaeto the Great (532),Wallenstein (177),Grade: C (70.2% - 757)
443,Henry V (556),Gnarr (161),Grade: C (70.2% - 757)
444,Matthias I (548),Gnarr (161),Grade: C (70.2% - 757)
445,Matthias I (548),Li Shimin (161),Grade: C (70.2% - 757)
446,Edward the Black Prince (551),Thutmose III (165),Grade: C (70.1% - 756)
447,Matthias I (548),Elektra [ND] (160),Grade: C (70.1% - 756)
448,Gwanggaeto the Great (532),Mehmed II (175),Grade: C (70.0% - 755)
449,Harold III (543),Toyotomi Hideyori (172),Grade: C (70.0% - 755)
450,Li Shimin (547),Mason Weaver [ND S] (168),Grade: C (70.0% - 755)
451,Elizabeth I (542),Thutmose III (165),Grade: C (70.0% - 755)
452,Edward the Black Prince (551),Gwanggaeto the Great (163),Grade: C (69.9% - 754)
453,Wei Qing (528),Wallenstein (177),Grade: C (69.8% - 753)
454,Li Shimin (547),Thutmose III (165),Grade: C (69.7% - 752)
455,Edward the Black Prince (551),Gnarr (161),Grade: C (69.7% - 752)
456,Wei Qing (528),Mehmed II (175),Grade: C (69.6% - 751)
457,Harold III (543),Mason Weaver [ND S] (168),Grade: C (69.6% - 751)
458,Elizabeth I (542),Gnarr (161),Grade: C (69.6% - 751)
459,Elizabeth I (542),Li Shimin (161),Grade: C (69.6% - 751)
460,Li Shimin (547),Gwanggaeto the Great (163),Grade: C (69.5% - 750)
461,Elizabeth I (542),Elektra [ND] (160),Grade: C (69.5% - 750)
462,Matthias I (548),Edward the Black Prince (154),Grade: C (69.5% - 750)
463,Wei Qing (528),Toyotomi Hideyori (172),Grade: C (69.3% - 748)
464,Harold III (543),Thutmose III (165),Grade: C (69.3% - 748)
465,Li Shimin (547),Gnarr (161),Grade: C (69.3% - 748)
466,Harold III (543),Gwanggaeto the Great (163),Grade: C (69.1% - 746)
467,Gwanggaeto the Great (532),Thutmose III (165),Grade: C (69.0% - 745)
468,Wei Qing (528),Mason Weaver [ND S] (168),Grade: C (69.0% - 744)
469,Harold III (543),Gnarr (161),Grade: C (69.0% - 744)
470,Elizabeth I (542),Edward the Black Prince (154),Grade: C (69.0% - 744)
471,Wei Qing (528),Thutmose III (165),Grade: C (68.7% - 741)
472,Gwanggaeto the Great (532),Gnarr (161),Grade: C (68.7% - 741)
473,Gwanggaeto the Great (532),Li Shimin (161),Grade: C (68.7% - 741)
474,Gwanggaeto the Great (532),Elektra [ND] (160),Grade: C (68.6% - 740)
